{
  "project_info": {
    "project_number": "1077640718292",
    "project_id": "trial-38785",
    "storage_bucket": "trial-38785.appspot.com"
  },
  "client": [
    {
      "client_info": {
        "mobilesdk_app_id": "1:1077640718292:android:50eb822e1e493ca1259841",
        "android_client_info": {
          "package_name": "com.example.project"
        }
      },
      "oauth_client": [
        {
          "client_id": "1077640718292-vrmnjp5mgcim3tpr97bknpggr991m6dc.apps.googleusercontent.com",
          "client_type": 3
        }
      ],
      "api_key": [
        {
          "current_key": "AIzaSyAzfor_Tj63b63eB2dTBprLCeedazfKj7A"
        }
      ],
      "services": {
        "appinvite_service": {
          "other_platform_oauth_client": [
            {
              "client_id": "1077640718292-vrmnjp5mgcim3tpr97bknpggr991m6dc.apps.googleusercontent.com",
              "client_type": 3
            }
          ]
        }
      }
    }
  ],
  "configuration_version": "1"
}